{
  "posts": [
    {
      "id": 1,
      "title": "portal",
      "content": "Some content",
      "author": "paul"
    },
    {
      "title": "Some old post",
      "content": "Some new content",
      "author": "paul",
      "id": 3
    },
    {
      "title": "A new post",
      "content": "Some new content",
      "author": "paul",
      "id": 4
    },
    {
      "title": "test",
      "content": "test",
      "author": "test",
      "id": 5
    },
    {
      "title": "test 2",
      "content": "test",
      "author": "test",
      "id": 6
    },
    {
      "title": "test2",
      "content": "test2",
      "author": "test@test.net",
      "id": 7
    },
    {
      "title": "test3",
      "content": "test3",
      "author": "test@test.net",
      "id": 8
    },
    {
      "title": "test",
      "content": "test",
      "author": "test@test.net",
      "id": 9
    },
    {
      "title": "test",
      "content": "test",
      "author": "test@test.net",
      "id": 10
    },
    {
      "title": "test",
      "content": "test",
      "author": "test@test.net",
      "id": 11
    },
    {
      "title": "test",
      "content": "test",
      "author": "test@test.net",
      "id": 12
    },
    {
      "title": "test",
      "content": "test",
      "author": "test@test.net",
      "id": 13
    },
    {
      "title": "test",
      "content": "test",
      "author": "test@test.net",
      "id": 14
    },
    {
      "title": "test",
      "content": "test",
      "author": "test@test.net",
      "id": 15
    },
    {
      "title": "test",
      "content": "test",
      "author": "test@test.net",
      "id": 16
    },
    {
      "title": "test22",
      "content": "test22",
      "author": "test@test.net",
      "id": 17
    },
    {
      "title": "test22",
      "content": "test",
      "author": "test@test.net",
      "id": 18
    },
    {
      "title": "test223",
      "content": "test",
      "author": "test@test.net",
      "id": 19
    }
  ],
  "users": [
    {
      "email": "paul@test.com",
      "password": "$2a$10$49J8XSE7YnrysHiWMUFMqui8ZvDv9CV2VLXU/3Xn6/CSLPGHTVCp.",
      "id": 1
    },
    {
      "email": "test@test.net",
      "password": "$2a$10$YpIJwlVCjouYaxvQnELc6uTtRKRc9I6vUEtO1qYuFU9PgyO4/nPiS",
      "id": 2
    },
    {
      "email": "test2@test.net",
      "password": "$2a$10$2R927sNapaf0h05D3YK7AOXzoeqjTUCAohNQtStrijgxFMiTSQmYW",
      "id": 3
    }
  ],
  "themes": [
    {
      "id": 1,
      "primaryColor": "deepskyblue",
      "secondaryColor": "coral"
    },
    {
      "id": 2,
      "primaryColor": "red",
      "secondaryColor": "blue"
    },
    {
      "id": 3,
      "primaryColor": "green",
      "secondaryColor": "yellow"
    }
  ],
  "comments": [
    {
      "id": 1,
      "content": "Some content",
      "author": "paul"
    }
  ]
}
